firstname,surname,date,zodiac_sign,pesel
Jaine,Abthorpe,2023-01-29,Taurus,48795761756
Rob,Baglan,2022-12-11,Taurus,03731650387
Kelly,Sendley,2015-09-25,Gemini,69423273966
Terrence,Anneslie,2017-08-24,Aries,36469777094
Balduin,Mott,2021-09-13,Leo,63371537157
Christan,Pendleton,2023-04-30,Gemini,21904479041
Lucy,D'Angeli,2023-06-03,Pisces,18669435123
Con,Hurn,2018-08-16,Aries,66444665762
Augustin,Palmar,2018-09-04,Pisces,22675228679
Em,Kunze,2016-06-24,Sagittarius,06106969590
Jacenta,Beavington,2016-02-04,Leo,40560289711
Leila,Pirozzi,2016-09-21,Virgo,14746867349
Katya,Janas,2021-08-14,Gemini,11058349183
Mara,Chellam,2022-06-19,Gemini,60465850008
Jacquenette,Simeon,2022-01-29,Pisces,10704673010
Molli,Echalier,2022-03-23,Capricorn,65596576117
Dulcinea,Leate,2017-10-23,Gemini,51780820245
Eva,Thamelt,2019-07-02,Aries,04613508984
Holmes,Mattiuzzi,2017-04-09,Leo,82850863375
Moyna,Georgelin,2022-09-06,Capricorn,28010018912
Nola,Daniell,2016-10-04,Pisces,11539415979
Olivero,Wilsher,2017-08-16,Leo,05447902890
Enriqueta,McLarens,2017-06-11,Libra,59723315284
Mariska,Conkie,2019-09-25,Sagittarius,14678604850
Kimball,Gable,2019-05-07,Libra,42877380255
Judah,Asplin,2020-12-04,Leo,81738438169
Michal,Sellen,2018-06-20,Gemini,30558401207
Langsdon,Mallon,2017-10-09,Gemini,14863998304
Hilary,Pateman,2019-03-28,Virgo,02531601147
Carlynne,Kennifick,2018-03-06,Capricorn,49891188643
Brinna,Lillford,2018-07-22,Capricorn,93815620215
Angel,Cribbins,2018-06-01,Taurus,41561164190
Pierrette,Alvaro,2018-08-21,Libra,05420273018
Gabrila,Alentyev,2017-09-08,Aquarius,96542555143
Leyla,Pixton,2019-10-27,Sagittarius,06056719178
Tomlin,Semered,2017-04-24,Leo,18668596980
Kari,Vawton,2016-09-12,Libra,89360084590
Esmaria,Bree,2015-01-09,Taurus,47549486116
Roddy,Crisford,2018-03-20,Pisces,26624467919
Magda,Bozward,2021-07-17,Pisces,28483722292
Reinhold,Drew,2020-01-15,Scorpio,90733619487
Sarita,Crebott,2016-12-14,Taurus,14141975989
Gertrud,Borges,2020-01-10,Libra,89883965193
Rorke,Americi,2016-01-22,Sagittarius,77035729956
Barnard,Waddy,2016-07-02,Cancer,97279409773
Filippa,Maud,2018-11-20,Taurus,74577560667
Orella,Scougal,2022-07-03,Aries,82404179473
Broddy,Gofton,2017-08-18,Aries,71802934816
Ferguson,Kalinovich,2021-06-16,Taurus,44865355673
Jayme,Darthe,2021-07-27,Virgo,84707294035
Kirk,Fonzo,2019-02-25,Sagittarius,74876761674
Bail,Cheeld,2019-07-29,Scorpio,68228170369
Hope,Balshen,2021-10-17,Capricorn,24637958925
Nolan,Northcote,2020-07-05,Aquarius,32029056774
Chet,Bottrell,2016-05-10,Taurus,37914980433
Bryant,Weall,2017-03-13,Aquarius,78520505094
Michail,Puncher,2016-08-22,Libra,92819531897
Nerty,Kinsett,2016-04-02,Virgo,37401848060
Tallie,Geeritz,2020-02-12,Virgo,64844585435
Falkner,Hamflett,2022-02-16,Sagittarius,89496831744
Mavis,Grunson,2016-05-30,Cancer,16020006966
Finley,Klulik,2015-03-04,Libra,67396016732
Joey,Hume,2022-10-22,Virgo,97018406815
Laurent,Getty,2022-11-06,Virgo,83238189584
Guendolen,Juniper,2015-06-06,Cancer,40440576647
Krystyna,Duchatel,2015-04-07,Leo,68719801978
Eleanora,Langtry,2020-07-11,Cancer,20172616017
Annadiane,Foskett,2021-12-17,Taurus,99647002712
Jasmin,Hubberstey,2018-10-01,Scorpio,43098299033
Kalindi,Arkell,2022-04-10,Scorpio,70233787042
Geri,Vila,2022-07-16,Libra,19635207691
Gabbi,Linne,2017-12-10,Aquarius,93821229949
Benny,Braim,2019-12-02,Capricorn,20148717702
Claude,Bumpus,2015-01-19,Sagittarius,44109702516
Carissa,Bohl,2016-05-14,Sagittarius,67391708979
Henri,Houseman,2021-01-29,Taurus,66559061683
Mavis,Althorpe,2016-01-06,Aries,88577032574
Lotte,Cuthbert,2020-04-08,Aries,81650317462
Michele,Edelheit,2019-01-13,Taurus,24639126524
Hallsy,De la Feld,2023-10-06,Taurus,82327715136
Vivyanne,Kenton,2016-05-14,Taurus,82882524866
Kassi,Giovani,2019-09-29,Virgo,32599734811
Geraldine,Tuckwood,2022-01-02,Cancer,95427507810
Georgia,Varney,2020-08-30,Aries,01484366979
Odey,Spafford,2019-02-19,Sagittarius,27941403033
Tuck,Cordrey,2017-11-06,Cancer,76199815361
Augustin,Booley,2021-12-06,Scorpio,24773708164
Astrid,Abry,2015-02-01,Libra,33571113305
Terri-jo,Tolan,2023-10-03,Aquarius,36394122328
Sergeant,Lackmann,2017-02-06,Aries,80940757904
Catharine,Kingscote,2022-04-20,Sagittarius,93712295954
Michele,Males,2020-12-25,Leo,77327756282
Arliene,Eate,2022-07-27,Taurus,30504580423
Beniamino,Yeskin,2020-07-16,Aquarius,19961130824
Leroy,Hansana,2015-02-25,Cancer,92701039341
Scott,Giggie,2022-03-15,Gemini,00906746677
Pauli,Vasilmanov,2018-05-27,Cancer,68828254330
Lainey,McLeod,2019-01-27,Pisces,20262776080
Correy,Ferier,2019-12-04,Aries,51305323781
Christal,Andrus,2021-01-20,Gemini,71364339337
Hilton,Van Salzberger,2023-06-26,Aries,07574063315
Hermina,Foad,2021-01-23,Capricorn,57471665845
Geralda,Mark,2017-07-04,Libra,18053720648
Aila,Straniero,2015-09-27,Scorpio,59394694825
Teodora,Gulleford,2020-11-30,Aries,84104630260
Fidelity,Dunstall,2023-08-19,Virgo,69125184549
Artemis,Frankiss,2015-05-14,Gemini,43245777117
Rodrique,Predohl,2023-07-15,Pisces,45265542614
Felicio,Dickey,2017-11-16,Gemini,29496076790
Paule,Wilsher,2022-05-30,Aquarius,59343283252
Mace,Peto,2015-06-17,Aquarius,46958001962
Camala,Farley,2019-01-01,Gemini,93504745330
Annis,Ireson,2020-08-10,Libra,65967353369
Meridith,Brilleman,2015-01-18,Libra,01107758312
Shurwood,Lanmeid,2016-08-28,Cancer,91303986590
Chantal,Badsey,2021-07-30,Gemini,42225204240
Kippar,Forton,2016-12-19,Leo,71407069436
Karlotte,Leftridge,2017-09-02,Aries,45682006673
Allistir,Pidgin,2023-06-12,Sagittarius,94525462044
Noland,Coggin,2017-07-04,Capricorn,27773941039
Cassondra,Cardenoso,2019-09-08,Gemini,32996685101
Langsdon,Drewson,2017-04-05,Virgo,39499126824
Alli,Brunesco,2016-10-28,Gemini,16771897634
Horace,Dowers,2020-09-17,Aquarius,60183328612
Fin,Kennady,2016-09-12,Gemini,86459315317
Perri,Episcopi,2018-03-23,Aquarius,84919212283
Brigitta,Draayer,2015-11-29,Aries,33940872508
Alfonse,Deighan,2022-02-15,Scorpio,22147422964
Isak,Leschelle,2019-09-09,Cancer,59036291125
Ario,Folk,2022-03-14,Sagittarius,67676489130
Pamela,Martinello,2017-01-18,Capricorn,54046206551
Bryn,Stranger,2020-01-19,Sagittarius,59029100423
Kevan,Jirick,2016-01-06,Aries,45307354390
Joline,Sigart,2023-06-24,Leo,46241535556
Kerrill,Mocher,2019-07-22,Pisces,68188393754
Francesco,Bottell,2017-03-28,Capricorn,93619312189
Gwennie,Boner,2016-10-31,Aquarius,34988689106
Reyna,Beveridge,2022-07-28,Cancer,07809055480
Nettle,Pouck,2016-03-19,Taurus,38774172278
Ketti,Bugg,2017-05-10,Leo,53240990093
Ivonne,Tartt,2016-09-27,Aquarius,94885284849
Kevan,Keeler,2020-09-22,Libra,81602582332
Justine,Capp,2021-04-17,Cancer,88493771334
Andriette,Olifaunt,2015-02-08,Sagittarius,82587537081
Cyndie,Haxell,2019-02-20,Capricorn,68738487012
Inness,Mainland,2019-10-26,Leo,00904676826
Henderson,Surcomb,2017-07-14,Taurus,51977444014
Gabriel,Manford,2019-07-24,Pisces,53472207000
Kara,Pinkard,2021-11-13,Scorpio,73649182864
Germaine,Tarte,2023-06-19,Libra,87729632997
Rhianna,Minto,2023-01-31,Gemini,55605816593
Bren,Jurczyk,2023-01-04,Cancer,38435648770
Mariam,D'Emanuele,2022-10-09,Libra,49687173666
Venus,Elsworth,2023-09-05,Virgo,14504306791
Ronalda,Gregorowicz,2021-07-10,Libra,40217714014
Swen,Hastwall,2019-09-01,Leo,45471523034
Dacy,Megainey,2023-10-12,Pisces,43755538921
Paulina,Doylend,2022-03-06,Pisces,16103361193
Burr,Kienl,2018-11-06,Taurus,20857917288
Arleyne,Reckless,2021-02-14,Capricorn,72416976620
Hailey,Castelot,2016-05-08,Capricorn,65139980263
Celinka,Blabey,2017-03-08,Gemini,05776820005
Viv,Drissell,2015-07-24,Capricorn,57976898648
Jordan,Larder,2019-02-24,Gemini,83389086052
Tiler,McLarnon,2017-02-03,Aquarius,01166395006
Tabbitha,Jervois,2019-06-26,Libra,82021754484
Steward,Asp,2016-11-14,Capricorn,93235983761
Evy,Hacquard,2018-01-17,Gemini,91753130019
Damara,Mingardo,2016-11-26,Cancer,11115178594
Sigvard,Veillard,2020-05-06,Libra,20375988828
Mikaela,Boyd,2016-02-22,Gemini,77570755647
Angie,Hannum,2022-05-26,Leo,07918236503
Cariotta,Smorthit,2015-03-11,Capricorn,26065623856
Broderic,Mecchi,2016-07-22,Virgo,69508174875
Madeline,Creamer,2021-06-25,Aquarius,40011766830
Madelaine,Fogden,2015-02-15,Scorpio,53786587354
Itch,Sleith,2018-07-21,Sagittarius,44608244190
Lucho,Glewe,2021-12-14,Taurus,91491422677
Anselm,Mocher,2016-10-30,Aries,64735367013
Ben,Etheridge,2016-07-23,Sagittarius,21684389905
Tamarra,Boyfield,2021-01-06,Scorpio,84383263221
Karina,Zoane,2022-07-01,Scorpio,21677189369
Renato,Riggulsford,2018-04-22,Aquarius,88517102236
Temp,Kenny,2022-03-06,Libra,21278715993
Remus,Rookledge,2016-02-05,Gemini,97536450962
Wandis,Hutchcraft,2016-11-01,Leo,84982457535
Ned,Gillibrand,2018-03-10,Aquarius,32143802418
Clayson,Sleightholme,2022-10-16,Cancer,73466633532
Loretta,Kynman,2016-07-07,Scorpio,62148287387
Free,Heyward,2022-05-11,Aquarius,21832181488
Bernard,Baynom,2021-10-29,Gemini,17073854370
Wolfy,Vicarey,2018-11-22,Sagittarius,64901659939
Jackelyn,Cullimore,2019-08-07,Gemini,63311667976
Lothario,Vinas,2016-12-08,Aquarius,11580352415
Duff,Thursby,2016-01-10,Cancer,49677987270
Esmaria,Kenn,2019-11-02,Pisces,83327113689
Mic,Cosins,2022-05-15,Leo,51405844247
Oliviero,Webber,2020-07-31,Aries,59586804975
Virginia,Chippendale,2023-07-12,Virgo,60615970566
Renato,Blacket,2021-09-06,Scorpio,53834170430
Hortensia,Philler,2020-06-15,Virgo,30885224237
Roger,Tremberth,2023-10-07,Aries,74344215879
Sophie,Cudihy,2022-03-04,Libra,07610411016
Burr,Cushelly,2017-02-05,Leo,42348952050
Nestor,Lowsely,2023-05-18,Taurus,35805008737
Ned,Pountain,2018-08-02,Gemini,32793609164
Gerek,Corrie,2016-10-13,Capricorn,28951959096
Ailina,Hutcheon,2021-02-11,Sagittarius,28170787897
Jdavie,Farr,2017-06-12,Leo,06407180984
Swen,Senner,2022-02-27,Gemini,77851362550
Kessia,Molloy,2022-10-26,Taurus,05165336627
Carrie,Lindenboim,2021-09-28,Taurus,09096995815
Yasmin,Staveley,2016-08-26,Cancer,91390883536
Leeland,Philliskirk,2018-07-29,Aquarius,47736887709
Andy,Penk,2017-07-08,Cancer,79243668346
Simone,Fines,2019-11-08,Aquarius,28709267027
Francene,Brockelsby,2022-12-02,Scorpio,34921750398
Keefer,Niblo,2023-05-14,Leo,41185371687
Gae,Schapero,2018-12-03,Pisces,91942459171
Aime,Dalgety,2019-02-09,Sagittarius,78708223745
Godwin,Maguire,2022-09-24,Scorpio,42867585550
Niki,Peatt,2021-11-11,Sagittarius,16218765043
Franz,Chellenham,2019-10-24,Aries,20413035459
Minnnie,Coulthart,2021-09-09,Cancer,43204728580
Clerc,Mathen,2017-12-04,Gemini,85809179259
Brod,Kibel,2021-12-22,Cancer,55960807971
Emmit,Braithwait,2016-08-01,Capricorn,08256048510
Myranda,Davidovich,2023-08-08,Sagittarius,34851486898
Loralee,Bernot,2016-12-05,Capricorn,62612206615
Gianina,Shevlin,2020-09-24,Cancer,25194721531
Delano,Goodredge,2019-05-04,Aries,02712453437
Witty,Giovannetti,2021-01-06,Virgo,14136333511
Odell,Quarrell,2022-12-15,Cancer,22181593860
Harri,Stevings,2017-06-09,Scorpio,52667678837
Wilie,Delaprelle,2018-12-26,Gemini,19949743951
Charmine,Ironside,2023-07-10,Leo,58671654800
Lyon,Rembaud,2022-12-15,Gemini,83109476016
Tallia,Bandiera,2020-06-06,Aries,98971293843
Abra,O'Fairy,2019-09-12,Capricorn,16845421232
Finlay,Jerrand,2018-12-03,Scorpio,78580401885
Nara,Coupland,2021-08-12,Libra,27293261774
Lionel,McComb,2019-04-07,Scorpio,59392570547
Melina,Petrina,2016-04-23,Scorpio,27028512494
Darby,Shambroke,2020-10-05,Sagittarius,01106825215
Rock,Drabble,2018-04-15,Capricorn,41846321464
Elisha,Pleaden,2018-06-05,Cancer,06643313114
Corabelle,Youens,2015-06-15,Gemini,30518203878
Jacob,Abelson,2019-09-01,Aquarius,84564953449
Lynett,Hussey,2022-06-26,Virgo,13864265901
Welbie,Hellin,2020-06-16,Scorpio,57666460460
Sunny,Perico,2016-11-05,Taurus,60274453133
Jermain,Cowup,2020-06-18,Leo,71069801854
Bil,Waud,2022-09-20,Aquarius,44598740516
Ilaire,Averies,2018-05-21,Scorpio,79752645772
Herve,Morson,2018-10-07,Capricorn,97445884614
Wit,Mullen,2018-05-12,Leo,90440926060
Elene,Spivey,2020-07-08,Scorpio,04837985695
Elwyn,Cuskery,2023-07-08,Pisces,35286760025
Bennett,Mabson,2016-02-26,Gemini,77486472496
Godfree,Kinmond,2021-05-04,Aquarius,30746088229
Eal,Reely,2022-12-14,Virgo,89583372223
Olimpia,Clerc,2016-04-09,Sagittarius,65306573861
Wit,Kilgrew,2015-05-29,Sagittarius,29657898737
Laure,Ranklin,2015-12-13,Cancer,33736841340
Titos,Shaddock,2021-08-10,Taurus,35623563679
Stacy,Kleszinski,2021-03-10,Gemini,54648755636
Delmer,Russilll,2018-01-17,Cancer,46781445107
Neal,Orman,2022-09-03,Pisces,80311201442
Kathi,McCart,2016-05-28,Sagittarius,00148844085
Stephenie,Olufsen,2015-03-05,Capricorn,05685007724
Harrie,Winston,2020-02-08,Gemini,82853308366
Toby,de Leon,2015-11-01,Aries,11685057535
Nicola,Wixey,2022-06-27,Pisces,83661760625
Davidde,Bartod,2021-07-23,Pisces,40680967009
Neale,Jahn,2022-12-18,Leo,95179180081
Pasquale,Maestro,2021-12-17,Capricorn,51143204883
Regen,Cordeau],2019-04-25,Virgo,01764676242
Miquela,Gosnay,2020-02-19,Libra,43077079095
Raddy,Boult,2020-06-18,Sagittarius,78018303585
Velvet,Gress,2019-08-11,Capricorn,38852657257
Ivy,Judson,2016-08-06,Scorpio,69415371234
Ogdan,Brampton,2019-10-12,Pisces,80936448903
Delmar,Dering,2021-01-08,Libra,50178769025
Cyndi,Scocroft,2023-10-14,Sagittarius,76688497392
Alleen,Prodrick,2023-06-23,Scorpio,76147288147
Bernadette,Youngs,2022-07-20,Gemini,25458955090
Lorita,Geer,2023-08-18,Sagittarius,80476546623
Ange,Ivasechko,2020-02-27,Scorpio,37703634537
Estel,Glennie,2019-11-15,Leo,54046333422
Pace,Fawkes,2019-11-03,Pisces,46067809738
Pace,Marages,2021-03-31,Virgo,99290525248
Matilde,Rosenau,2021-05-20,Capricorn,15207050617
Hoebart,Meenehan,2016-10-25,Cancer,75960384201
Aldis,Itzcovichch,2018-10-09,Taurus,74016654136
Lanita,Saffran,2017-04-15,Cancer,63253070685
Brooks,Philipsohn,2015-01-02,Aquarius,37966983502
Nealon,Kibblewhite,2021-12-11,Virgo,33574590946
Shelton,Beadnell,2021-09-18,Libra,96476310719
Ebony,Jacobbe,2015-08-08,Capricorn,62398313309
Ebenezer,Gooda,2021-02-20,Cancer,59887667497
Josh,Lundbeck,2023-04-08,Virgo,24836217420
Ki,Klulicek,2021-12-03,Taurus,78776403455
Tom,Penhalurick,2019-11-26,Virgo,11026221971
Joela,O'Loughane,2015-12-17,Scorpio,43878431326
Lonny,Mulder,2020-04-30,Aries,06567064629
Ancell,Childes,2019-03-20,Taurus,87176905906
Harry,Ridgedell,2016-12-25,Virgo,69895174576
Tad,Brody,2020-12-13,Sagittarius,37465685106
Chrysler,Cassely,2023-05-12,Virgo,60015458496
Nefen,Dunthorn,2023-04-30,Virgo,89697448854
Alex,Klehyn,2019-02-01,Cancer,58508270451
Concettina,Troake,2021-08-10,Gemini,45205009197
Hillyer,Allitt,2018-01-12,Libra,66439404212
Bucky,Jedrzejczyk,2018-03-15,Libra,01210393886
Trudy,Kleisle,2022-06-26,Leo,15663525509
Lynelle,Dane,2022-02-27,Aquarius,24040387918
Zeb,Pessler,2020-03-17,Gemini,99067051401
Murvyn,Latehouse,2015-05-13,Libra,67914438851
Kellyann,Hawtin,2016-04-22,Aries,02216566896
Calvin,Robertet,2021-12-14,Taurus,73586053811
Gregoire,Eymer,2016-04-13,Capricorn,03634708579
Nona,Vanshin,2022-07-13,Scorpio,15933550101
Hally,Barter,2020-12-02,Aries,44431878100
Ethan,Szymczyk,2018-10-01,Leo,61521200992
Nick,Hannen,2017-02-20,Virgo,79160945478
Jackqueline,Glamart,2017-06-11,Aries,36498280982
Kinna,Albisser,2021-10-03,Pisces,81335949820
Jim,Creasy,2020-09-23,Gemini,23173870216
Aimil,Manass,2023-01-12,Aquarius,19223955941
Ingeborg,Pinnegar,2017-03-31,Aries,52285874764
Kristian,Springall,2020-05-21,Leo,11796492334
Yancy,Barbie,2016-10-17,Gemini,80151026516
Wilhelmine,McGaw,2016-04-03,Libra,33612237982
Rebecca,Hardison,2016-05-19,Libra,16282334528
Bernarr,Eadon,2018-12-08,Gemini,41906365339
Yolanthe,Jumonet,2019-01-09,Capricorn,20840644290
Celestina,Kohring,2022-08-14,Cancer,86674063566
Nataniel,Emblin,2015-04-19,Libra,69383697557
Red,Stovell,2017-08-04,Capricorn,59411566129
Curry,Robotham,2016-08-19,Pisces,87175619934
Torie,MacQueen,2019-02-15,Pisces,16914163536
Eli,Knightsbridge,2021-09-16,Aquarius,79902971996
Glynn,Kytter,2022-05-01,Cancer,04604651880
Donni,Tredget,2019-05-27,Pisces,82767126718
Rolfe,Morant,2015-01-06,Cancer,64550801834
Jermain,Vannacci,2019-11-30,Libra,93935387672
Michael,Harce,2021-10-17,Leo,96682612527
Farand,Calver,2019-10-18,Aquarius,03880508587
Frederico,Pavie,2018-06-05,Gemini,24727200531
Maureen,Odgers,2021-01-29,Virgo,58140178359
Mariel,Matushevitz,2021-09-25,Taurus,39440637402
Kienan,Lambkin,2021-06-27,Cancer,13963987937
Eadmund,Knight,2016-12-22,Cancer,66322564393
Megen,Christophe,2022-04-11,Leo,41906239491
Adina,Spraggon,2017-10-03,Libra,86029458675
Ricoriki,Cadigan,2023-04-10,Virgo,96819472759
Cassie,Cron,2021-04-03,Sagittarius,20517196160
Arnold,Crambie,2021-12-06,Aries,78559288775
Cart,Harder,2015-01-09,Gemini,66733855508
Didi,Canty,2015-02-16,Leo,68783791220
Channa,Grandin,2020-01-27,Cancer,55217482503
Vanna,Barracks,2021-08-29,Taurus,55704619795
Jock,Aldam,2021-09-29,Leo,09274782521
Mufi,Sharville,2015-08-01,Cancer,50545691414
Marinna,Pavkovic,2017-01-28,Aquarius,94609995812
Phylis,Itzhak,2015-02-01,Cancer,72685834069
Margo,Maymond,2015-08-27,Sagittarius,44591396252
Cory,Jenckes,2016-12-26,Scorpio,54279360197
Christy,Dosdell,2018-05-20,Libra,27078482705
Andee,Twining,2020-07-19,Capricorn,25697869270
Magnum,Rzehor,2019-02-14,Gemini,17128075224
Franz,Ellingworth,2019-02-28,Cancer,45659423220
Gregor,Channon,2019-08-16,Sagittarius,75149842710
Em,Andreia,2019-02-14,Libra,41094083502
Scott,Dessent,2023-03-30,Pisces,70138563208
Jameson,Pollak,2016-03-20,Aries,69557140709
Jamey,Jorin,2021-07-21,Capricorn,40932750364
Sileas,Vatini,2015-04-11,Gemini,77624141248
Merrie,Rimmington,2018-03-05,Taurus,50378503379
Zitella,Erik,2023-10-10,Aries,22677688798
Freeman,Liddicoat,2021-09-19,Virgo,27824133478
Hayden,Stott,2017-06-18,Aries,27965187597
Starr,Vaisey,2016-03-05,Sagittarius,07369964017
Claiborn,Thurlow,2022-08-23,Taurus,89328196097
Mylo,Swinney,2022-05-06,Sagittarius,04393660289
Eugenia,Doyley,2019-01-28,Leo,95375408486
Harman,Willowby,2015-03-26,Libra,05664365891
Lorilyn,Knibb,2023-03-02,Sagittarius,56792970864
Riki,Dacke,2022-12-07,Taurus,19452299316
Cherice,Hedgecock,2016-11-27,Gemini,10676891754
Ariadne,Ivanyushin,2021-07-03,Virgo,35608966075
Hermione,Ambrogioli,2017-08-15,Aries,99739425786
Gretal,Muino,2021-04-17,Taurus,93051268546
Oona,Hollows,2018-07-31,Sagittarius,94482879075
Haily,Hawick,2016-06-01,Cancer,22285242165
Carolin,Bourdon,2017-05-15,Cancer,39373282915
Yelena,Noseworthy,2018-09-16,Aries,73126770429
Darsey,Trayford,2021-02-12,Gemini,17542772759
Donnamarie,Codi,2020-08-14,Virgo,59103165618
Benny,Kesten,2018-06-05,Aries,28343941445
Myles,D'eathe,2023-07-07,Cancer,13515331695
Earl,Younger,2017-11-02,Cancer,53033606363
Burnaby,Swinden,2016-05-02,Cancer,43811678231
Bard,Flagg,2022-06-08,Capricorn,01509668225
Nichol,Barhem,2022-01-05,Virgo,13460438375
Helaine,Simmens,2021-04-11,Sagittarius,62362167189
Kizzee,Duckett,2021-04-26,Gemini,75194605281
Krystyna,Beers,2021-08-31,Capricorn,40085745790
Leisha,Mongain,2015-02-09,Libra,75814667792
Siouxie,Jeannequin,2023-08-05,Aries,90411119153
Lane,Eckersall,2019-10-14,Taurus,46865396469
Sonni,Cartman,2017-12-25,Libra,80850724685
Carlyn,Tie,2016-04-14,Capricorn,11667070836
Joscelin,Otterwell,2019-04-13,Aquarius,10314666591
Sauncho,Red,2019-08-23,Pisces,91586889489
Laetitia,Epinoy,2023-08-15,Capricorn,44228606404
Pebrook,Pettko,2015-11-01,Aries,18892156804
Northrup,Soigne,2018-11-14,Virgo,97216982973
Amitie,Searle,2021-10-18,Virgo,16891011843
Silvano,Jowett,2022-09-15,Sagittarius,79779150906
Keefe,Sansome,2023-04-28,Virgo,53777667686
Creigh,Dearden,2023-04-07,Cancer,99775787863
Marybeth,Di Francecshi,2015-08-20,Scorpio,15591627204
Gwynne,Nock,2016-02-22,Leo,88146226428
Querida,Budge,2022-01-30,Leo,52377389700
Hersh,Jeannesson,2018-01-16,Pisces,36176208214
Tremain,Kleinhaut,2020-11-16,Libra,81509307450
Nikolaos,Spore,2022-10-16,Pisces,48447719492
Andris,Vennard,2018-03-23,Pisces,25119827775
Giavani,Mayhow,2017-12-23,Scorpio,58329501187
Lyndsay,Chinnock,2019-03-12,Cancer,89609197909
Merline,Samples,2023-03-17,Sagittarius,98755214043
Ewen,Scurrer,2021-12-08,Capricorn,15961959898
Allsun,McLuckie,2023-09-29,Aries,37609067638
Munroe,Laverenz,2017-08-29,Virgo,58590434000
Selena,Bazoge,2022-05-18,Libra,35299988764
Constantina,Djurkovic,2016-01-13,Virgo,47973954973
Lynnet,Burfoot,2020-09-03,Gemini,77659264474
Lina,Eisikowitz,2018-10-10,Capricorn,89548963386
Hammad,Benez,2016-09-21,Scorpio,88506421695
Steffen,Robertazzi,2015-02-04,Libra,37803707105
Gaylene,Jillis,2015-03-25,Aries,25877093060
Edithe,Bonallack,2020-06-24,Sagittarius,30576877615
Byron,Egiloff,2016-04-24,Aquarius,74938318482
Jermayne,Tunnah,2021-03-24,Virgo,19378531716
Gideon,Vanyatin,2023-01-21,Scorpio,89652787053
Evelin,Onge,2015-06-19,Libra,32349197263
Fiona,Heyburn,2023-07-02,Sagittarius,52244226590
Lurette,Dodridge,2019-11-21,Gemini,81358919556
Kaye,Spall,2022-05-07,Aries,38691477989
Loralie,McReynold,2016-05-29,Aries,97164562764
Robina,Caswill,2019-09-23,Libra,38921403839
Janela,Hamberston,2015-04-26,Gemini,40222482417
Lanie,Vawton,2017-10-16,Gemini,65798023968
Welsh,Cornbill,2020-11-17,Leo,11138881536
Odetta,Pickston,2020-01-14,Cancer,21688245172
Shaine,Coultard,2017-02-26,Aries,25648366892
Renaud,Yakovich,2019-05-11,Scorpio,51401770292
Sheree,Ghiroldi,2020-04-03,Pisces,78964189416
Sidonia,Dougill,2018-10-27,Aries,57679341091
Berne,Seaborne,2022-06-08,Taurus,36788452576
Ellynn,Gotts,2023-08-06,Aries,40059025269
Clotilda,Burdge,2018-07-08,Libra,44371876381
Willdon,Climo,2015-02-03,Aries,56461361383
Tallie,Form,2018-10-10,Libra,89392607821
Elvera,Colson,2018-03-28,Aquarius,22635388763
Delcina,Mudie,2019-05-03,Sagittarius,33326967389
Charlene,Porteous,2021-05-20,Cancer,55319630757
Mildrid,Banbrigge,2018-09-19,Scorpio,85540146517
Aeriela,Payler,2022-02-16,Virgo,54064592898
Suzanne,Tansill,2020-11-24,Libra,82858140920
Cherilynn,Detoc,2016-07-11,Cancer,37310178918
Angeline,Togwell,2016-03-11,Capricorn,79452133318
Arlee,Gilhespy,2020-07-21,Aries,78910398327
Leshia,Solesbury,2022-09-11,Aries,45413710145
Saxon,Walles,2019-07-22,Leo,60950274071
Aggi,Sayes,2021-11-21,Libra,12548585164
Jarrid,Cathro,2021-05-22,Cancer,90370299640
Aurilia,Yancey,2017-06-04,Pisces,88650461218
Morten,Hogsden,2023-05-19,Leo,53567513770
Roth,Magee,2018-08-19,Gemini,99121130994
Greta,Tingey,2019-06-11,Libra,90074345601
Ardeen,Monro,2016-09-28,Aries,80759623054
Marinna,Elsworth,2019-04-30,Virgo,12987259644
Bobbe,Carrol,2016-02-10,Scorpio,58407925771
Kalindi,Beilby,2021-07-15,Taurus,18607474711
Essy,Ricardou,2020-04-08,Capricorn,85789191751
Adina,Nezey,2019-03-03,Pisces,97955600715
Tammy,Crannach,2019-09-17,Aquarius,59967296071
Stanly,de Lloyd,2015-09-09,Pisces,91079482785
Kora,Lusgdin,2021-11-12,Cancer,75012182421
Benedetto,Plaster,2018-04-15,Aquarius,87662926002
Edythe,Jimmes,2015-11-28,Capricorn,95323619409
Kristoffer,Eastway,2019-08-29,Sagittarius,21211248414
Correna,Tideswell,2018-07-21,Sagittarius,28575859396
Vincent,Binnell,2022-03-12,Capricorn,20104270464
Shayne,Presnell,2021-09-07,Aquarius,92371561702
Leandra,Powrie,2016-02-21,Capricorn,61827870961
Alphonso,Wehden,2015-06-10,Scorpio,92415384617
Filippa,Sein,2019-03-14,Aries,57039934298
Jammie,Manach,2020-07-07,Sagittarius,06566185092
Bertina,Ruller,2022-01-23,Sagittarius,42439470826
Margalo,Shoute,2015-10-29,Capricorn,73929063931
Linzy,Schoenfisch,2018-11-05,Pisces,67728918101
Devin,Etchell,2019-02-21,Cancer,27407129778
Dolly,Gauvin,2020-02-10,Scorpio,96570613213
Doti,Holsey,2021-10-24,Gemini,97556372407
Holly-anne,Gonthard,2023-06-08,Scorpio,16077223857
Elene,Proudlove,2017-05-09,Sagittarius,98207141540
Brooks,Mayhead,2017-04-06,Libra,30114009987
Dorothy,Daily,2021-06-18,Scorpio,52185494483
Franklin,Honnan,2016-01-02,Gemini,20092908578
Rois,Maleham,2022-07-12,Gemini,00801487394
Etty,Scroggins,2021-01-30,Taurus,28187657188
Miof mela,Benedek,2017-05-04,Aquarius,04228381511
Adiana,Jeandot,2018-09-06,Virgo,43676197687
Deeyn,Godsal,2021-05-12,Virgo,49311727557
Walton,Kernar,2019-01-25,Virgo,51994768711
Patrizio,Mathou,2016-09-03,Sagittarius,98246661298
Julian,Chew,2023-02-17,Capricorn,71872325097
Katherina,Shirrell,2023-07-11,Gemini,57975141573
Andie,Gotcliffe,2015-07-03,Libra,20093628873
Cristiano,Plom,2016-01-29,Taurus,55478155833
Bob,Berkery,2017-08-26,Sagittarius,84720164920
Emmett,Coultous,2015-07-01,Libra,06430711412
Goldie,Harfoot,2016-02-26,Capricorn,32475907367
Ranee,Ruter,2019-03-21,Taurus,24673257559
Sherie,Croal,2022-11-12,Aries,16844779238
Zelda,Penning,2016-06-30,Pisces,73230710575
Mireille,Imason,2015-08-24,Pisces,49032571941
Gabriellia,Issacoff,2018-03-13,Scorpio,74295511088
Jaquenette,Spurden,2022-01-31,Libra,64921023118
Bryon,Harcourt,2016-08-15,Leo,92660232656
Catrina,Hallbird,2016-09-17,Gemini,55719549576
Fernandina,Clemensen,2018-06-14,Libra,06228404928
Leann,Soan,2018-03-11,Pisces,84716000895
Vivien,Vlasenko,2019-08-18,Scorpio,73451264011
Brietta,Lloyd-Williams,2020-11-07,Aquarius,44976532843
Jacky,Syce,2018-03-18,Sagittarius,15735047581
Meaghan,Ottewell,2016-07-13,Aquarius,09728264896
Fawn,Petche,2017-02-02,Libra,46586230209
Alina,Tithacott,2022-03-07,Capricorn,71960560288
Vinni,Odhams,2020-07-01,Aquarius,75367312986
Bill,Missen,2018-05-05,Leo,52373114338
Ora,Guillond,2016-04-01,Leo,12275529238
Warden,Bonnaire,2017-11-20,Capricorn,80997706754
Loralie,Jantel,2016-12-23,Gemini,26239285340
Bunni,Maris,2022-04-17,Virgo,41629314823
Val,Massow,2020-08-31,Aries,36732413400
Ravi,Dews,2022-03-11,Leo,91087500268
Janeva,McClay,2016-08-22,Cancer,62584873406
Bidget,Thomassin,2019-10-01,Taurus,27938791149
Ransom,Bembrigg,2017-12-30,Pisces,00349710276
Alvinia,Gedney,2018-03-03,Libra,13298441276
Cindi,Crumpton,2022-12-16,Cancer,58865402472
Herta,Geertje,2019-01-23,Capricorn,49571536967
Rory,Padefield,2019-09-14,Aquarius,36559829158
Adora,Charker,2015-06-12,Libra,95748682254
Nolly,Corrington,2018-02-27,Pisces,56020034760
Allison,Kirkpatrick,2023-01-11,Leo,86168249939
Wat,Tansly,2022-10-06,Taurus,12642537976
Jeffy,Epilet,2022-04-29,Gemini,47473487658
Daveta,Drains,2022-01-02,Aquarius,61852526642
Alano,MacAulay,2018-02-13,Pisces,76186268991
Yalonda,Ferri,2017-11-19,Leo,93630390961
Whitby,Littler,2023-09-14,Libra,50758324297
Luisa,Goldhawk,2016-12-27,Scorpio,12188250426
Rad,Ostler,2021-08-13,Sagittarius,82176501506
Mahalia,Fallowes,2021-06-04,Sagittarius,40754830138
Nikki,Aimson,2017-10-10,Sagittarius,00214732972
Lowrance,Tarr,2017-02-09,Leo,72256937019
Terrance,Dole,2015-08-13,Virgo,19820536930
Karena,Brandassi,2016-06-29,Virgo,88260331475
Burk,Barnsley,2019-11-17,Scorpio,61240702432
Ruby,Mendenhall,2023-10-23,Taurus,76624648369
Alix,Paget,2023-09-01,Leo,50658878188
Koressa,Dewen,2016-10-06,Taurus,51113264789
Wilhelm,Pomroy,2015-09-01,Pisces,85975026360
Valerye,Ryding,2018-04-21,Taurus,11420671245
Rodge,Ashbolt,2019-11-12,Aquarius,29051442732
Bancroft,Arnefield,2021-06-10,Capricorn,51752991727
Marrissa,Brierly,2018-09-15,Leo,84078254505
Burl,Doggart,2015-10-31,Cancer,46564854446
Damiano,Broadbere,2020-10-09,Sagittarius,09807248425
Dacie,Skeete,2019-12-10,Pisces,19542437659
Heywood,Leeb,2020-05-28,Cancer,66867916677
Perceval,Shellum,2019-06-15,Gemini,74661079484
Hamel,Stooke,2019-09-10,Gemini,62035810393
Rubia,Blaney,2017-03-26,Libra,52442630079
Cary,Todaro,2019-04-13,Virgo,46835710454
Jazmin,Laurentin,2021-06-23,Sagittarius,62298744120
Orrin,Vesco,2020-07-10,Capricorn,56543692313
Larissa,Stegers,2017-10-14,Aquarius,00952949800
Allison,Tyler,2019-10-07,Capricorn,01671847571
Nari,Bratch,2018-04-18,Capricorn,45547709720
Poul,Tweedlie,2017-12-10,Aquarius,75617026167
Bernadine,Murdie,2015-08-07,Aries,92393502566
Myrta,Mogenot,2023-09-09,Virgo,06675813042
Salaidh,Crates,2021-08-28,Capricorn,96781511933
Marcellus,Camies,2015-02-12,Libra,27725600484
Cecelia,Sturton,2017-09-08,Leo,03350183010
Jacquenetta,Barfield,2022-03-22,Taurus,73770240100
Farleigh,Scothorn,2023-04-07,Leo,90422513976
Marin,Foxon,2017-12-31,Leo,68635153611
Minta,Creevy,2021-05-31,Virgo,04774221389
Violetta,Fintoph,2021-05-02,Scorpio,97283911218
Janis,Choppen,2017-07-24,Pisces,20480825224
Micah,Heaffey,2017-01-05,Sagittarius,09607651134
Darci,Gritton,2022-05-13,Pisces,49761828086
Kristo,Aim,2019-10-21,Sagittarius,48914275527
Flori,Load,2020-04-02,Virgo,56020694133
Frankie,Iannuzzi,2022-01-19,Gemini,56628138791
Garland,Halgarth,2021-03-31,Libra,60186096378
Imogen,Drillingcourt,2017-01-28,Sagittarius,29064266024
Guy,Littell,2020-10-31,Gemini,70772806189
Wilhelmina,Churms,2020-12-07,Libra,79069726482
Hamlen,Snow,2016-06-26,Scorpio,08586471925
Silva,Biggs,2019-08-27,Scorpio,45920883237
Anthe,Giffkins,2023-01-05,Virgo,00662384495
Pietro,Croyser,2018-11-03,Pisces,95145283710
Marlie,Rorke,2015-11-15,Taurus,15520545048
Jany,Terren,2023-06-19,Capricorn,68748700266
Dacy,Carvil,2015-01-01,Leo,31361897283
Fredrika,Filliskirk,2021-11-24,Aries,19348166518
Danita,Biggans,2023-08-27,Capricorn,61157436340
Sabra,Hillen,2018-12-23,Pisces,45346141980
Aurie,Ballsdon,2023-09-07,Virgo,49725922234
Logan,Fairley,2016-12-01,Pisces,18785137214
Dulsea,Ducroe,2019-04-19,Gemini,05378316587
Becki,Denne,2016-06-26,Libra,88723414101
Micki,Fulton,2017-04-30,Cancer,35755589382
Mallory,Blance,2021-06-03,Scorpio,43693979451
Gaby,Mc Elory,2015-06-17,Capricorn,49011526050
Vinnie,Beecraft,2020-05-21,Gemini,35620456713
Nicola,McClinton,2022-05-03,Scorpio,42695517085
Amata,Cutforth,2015-05-31,Scorpio,15972835343
Saundra,Hessing,2018-08-24,Gemini,87513831759
Dell,De Lacey,2022-05-23,Libra,91840737733
Kaspar,Vallintine,2019-07-16,Virgo,22222754376
Cassandra,Fretwell,2020-09-19,Pisces,69783182207
Clemmie,Sacaze,2016-10-04,Gemini,18445012602
Calvin,Steer,2019-01-30,Aries,18123185567
Immanuel,Howland,2015-04-09,Virgo,02245250552
Angus,Tribble,2023-01-07,Taurus,04725116333
Rudiger,Ridewood,2015-07-08,Taurus,09560406100
Faydra,McCourtie,2022-09-20,Leo,04594153108
Oriana,Gorick,2015-04-14,Virgo,90122492267
Wells,Merington,2016-08-29,Scorpio,47736548291
Levin,MacVaugh,2017-08-20,Leo,37105878484
Barbe,Cloughton,2021-03-01,Libra,54179972878
Jermayne,Leathlay,2018-06-27,Capricorn,09308259813
Jule,Bourgeois,2021-06-10,Scorpio,28033555267
Georgeanne,Bergeau,2023-04-14,Gemini,12062050670
Osborn,Cottis,2022-11-03,Leo,26453197652
Jewelle,Yorston,2016-02-27,Aquarius,18933240806
Mariejeanne,Padefield,2017-08-22,Capricorn,89171882053
Carissa,Hexam,2021-10-23,Aries,74788155248
Anita,Rabbitt,2019-11-19,Leo,55721265805
Mariam,Walster,2016-09-01,Sagittarius,65263827132
Ruthie,Prestie,2023-02-04,Aries,23841589013
Xena,Tarbard,2017-04-09,Cancer,67610602426
Anneliese,Gideon,2023-08-31,Virgo,53390668898
Lucita,Castellani,2018-07-30,Libra,00238131782
Melisent,Nicely,2019-04-25,Virgo,22701316186
Kalvin,Ochterlony,2018-08-07,Sagittarius,30298231796
Mirella,Pettiford,2016-07-06,Sagittarius,15122315590
Thaine,Biers,2021-01-05,Capricorn,04187131478
Cele,Harbage,2015-10-28,Cancer,05582766665
Haze,Heady,2017-11-05,Gemini,88752390781
Alexandro,Drury,2023-09-24,Virgo,58604341786
Reube,O'Lagen,2023-04-05,Scorpio,03651014825
Gaelan,Tunnacliffe,2020-05-18,Aquarius,47331024787
Karlie,Di Lucia,2020-01-14,Sagittarius,88346356272
Frazer,Ridgers,2018-03-09,Virgo,95991152211
Carma,Evanson,2020-08-31,Gemini,87885341707
Georgy,Geharke,2018-06-20,Leo,36144255860
Garrot,Dickin,2016-12-14,Sagittarius,32977893739
Deeann,Seeds,2019-12-24,Sagittarius,69619423977
Ozzie,Shaudfurth,2016-11-03,Leo,02779345891
Adriano,Finding,2019-02-06,Virgo,52687329119
Curtice,Barratt,2020-10-19,Virgo,73603479515
Joyan,Haskett,2022-12-26,Taurus,12655729433
Isobel,Strete,2022-08-01,Leo,76842197010
Abie,Gibbard,2022-05-19,Pisces,35874871480
Scottie,Comazzo,2019-11-09,Libra,25053993346
Gennifer,Berrisford,2020-11-02,Sagittarius,73996809336
Alexandre,Aleksandrikin,2021-01-24,Aries,29925421181
Rosalie,Bossons,2019-05-25,Gemini,52123765544
Coralyn,le Keux,2020-02-04,Libra,92657849815
Thedrick,Duny,2015-02-11,Gemini,30648053068
Aldridge,Frammingham,2018-03-06,Scorpio,75764384918
Jamal,Busher,2019-10-05,Sagittarius,65399912617
Trent,Conaghy,2015-11-14,Scorpio,75945059699
Kati,Ronaghan,2019-10-13,Leo,83610402225
Ettie,Terbeek,2017-09-08,Capricorn,65596301329
Roger,Seefeldt,2021-08-04,Virgo,78762552715
Justinian,Cownden,2020-02-27,Gemini,79546023448
Claudianus,Hakes,2022-02-09,Scorpio,90785652116
Anthe,Heller,2016-03-10,Aquarius,12266311026
Richmound,Masserel,2023-09-15,Libra,16016944302
Charlena,Godman,2017-02-10,Taurus,49335873656
Maris,Willetts,2019-07-21,Taurus,49462185675
Carina,Sketchley,2022-01-12,Gemini,16122723328
Arlena,Wildey,2022-12-30,Virgo,15520361245
Kyrstin,Awmack,2020-07-29,Aries,75478189645
Webster,Bice,2015-04-16,Leo,06646226213
Thatch,Swate,2021-03-06,Leo,81196882852
Teodorico,Carville,2017-01-01,Aries,73499853917
Morrie,Offen,2019-04-02,Pisces,45957642417
Willie,Shawcroft,2023-07-05,Taurus,72197857416
Amelie,Tincombe,2018-04-23,Sagittarius,34158897090
Aylmer,Bumfrey,2023-07-02,Gemini,17125880212
Chelsy,Blumfield,2017-01-26,Virgo,73177467753
Amber,Chesher,2017-11-07,Gemini,69749559957
Garvy,Gianilli,2019-07-08,Cancer,48492348401
Lucius,Rulf,2018-04-03,Pisces,41868361237
Janel,Giffkins,2015-08-17,Capricorn,36433978836
Marena,Garritley,2015-02-28,Gemini,23704697852
Ellissa,O'Nowlan,2020-12-08,Taurus,94086398893
Ashlen,Etock,2016-07-16,Libra,69624274852
Seward,Visick,2020-07-12,Gemini,88768511322
Mac,MacFaul,2019-10-01,Aquarius,01448549340
Maud,MacSherry,2019-11-23,Capricorn,43083253506
Yance,Kinnoch,2018-10-13,Gemini,20310622264
Kerwinn,McAne,2016-08-22,Scorpio,26948820832
Cecile,Coombe,2016-08-14,Scorpio,59771553055
Ezmeralda,Hiscoe,2019-10-30,Scorpio,80812210915
Emmalynne,McGrotty,2018-04-10,Leo,04341056798
Fifine,De Caroli,2015-05-28,Aries,96523906345
Evangeline,Jirik,2021-11-23,Pisces,94090793989
Papageno,Maith,2017-07-25,Aries,38347274098
Yvonne,Bottoms,2021-09-03,Sagittarius,64558163045
Tawsha,Ivasyushkin,2023-06-03,Sagittarius,36988241669
Tabbatha,Datte,2019-08-07,Scorpio,23455536203
Kathe,Twyford,2017-03-02,Aries,11638530565
Ashil,Frayn,2018-04-14,Aquarius,86346126008
Freda,Winkett,2017-06-22,Libra,81862613895
Bearnard,Denisyuk,2017-11-26,Capricorn,89444766930
Hyacintha,Menis,2023-03-07,Pisces,59122190627
Vida,Maybey,2016-05-05,Aquarius,46464850556
Rosanne,Murrison,2020-09-18,Sagittarius,07010117361
Peg,Van Schafflaer,2016-04-24,Aquarius,01670840712
Dion,Waryk,2021-03-09,Cancer,95913213699
Gusella,Ormiston,2018-11-12,Pisces,44906274284
Charline,Petasch,2016-11-07,Aquarius,91755429289
Rubi,Tunnock,2020-03-15,Leo,85535974531
Christel,MacKill,2015-09-28,Aquarius,09313129155
Ami,Barmadier,2015-10-16,Cancer,27626476418
Cammie,Beernt,2022-11-27,Scorpio,14206022256
Gauthier,MacAulay,2016-06-22,Pisces,22241636450
Emelita,Brandolini,2023-03-15,Libra,98125448706
Kathe,Iacobetto,2021-09-13,Scorpio,46029587374
Nikita,Commuzzo,2023-08-20,Aries,73558036288
Hillary,Sor,2020-04-30,Aries,53023162958
Sax,Caurah,2020-07-31,Aries,83337284038
Leonie,Roby,2023-01-25,Pisces,01550680636
Lauryn,Kidwell,2016-01-12,Taurus,93370761511
Karil,Wainwright,2017-11-05,Taurus,41779554684
Guillaume,Doodney,2020-09-02,Cancer,69824944042
Noelle,Threadgill,2021-10-16,Sagittarius,86966254418
Barbara,Worthy,2021-12-05,Libra,80531220243
Emmy,Acreman,2016-06-14,Scorpio,94644407442
Joey,Iowarch,2016-05-10,Sagittarius,77307197909
Rosemary,Beckhouse,2018-02-10,Leo,27089239191
Drona,Rider,2019-05-25,Leo,02307730537
Debee,Flood,2023-02-19,Scorpio,40784305576
Nefen,Behninck,2020-06-11,Sagittarius,63413760501
Lydon,Finden,2020-08-10,Aries,15887168409
Celisse,Ruske,2020-03-25,Cancer,08734874126
Gretal,Koppens,2023-01-25,Capricorn,21028154115
Lucho,Rospars,2018-05-08,Virgo,15091827778
Archibaldo,Barnhart,2015-02-16,Libra,25611374996
Beth,Tankard,2022-07-15,Libra,42514660812
Katina,Purselowe,2016-04-09,Aquarius,85730310959
Arlee,Sympson,2017-12-19,Aquarius,87156519283
Edmon,Sessuns,2021-04-02,Leo,92557159103
Filide,Beynon,2016-04-09,Taurus,73940009828
Charlene,Shane,2022-01-24,Capricorn,77466961639
Saxon,Herity,2017-10-01,Taurus,46042291887
Pen,Marchington,2018-05-27,Capricorn,96803177975
Christi,Eaglen,2016-02-24,Cancer,81433092857
Egon,Izkovitz,2019-09-22,Capricorn,14972854487
Harlie,Stansall,2018-04-02,Gemini,51080801875
Marc,Riach,2017-06-03,Gemini,77547049229
Ryan,Perico,2021-08-06,Sagittarius,33766511659
Brew,McAdam,2022-01-29,Cancer,86384767525
Stavro,Baake,2016-06-11,Capricorn,28975680891
Field,Nail,2021-09-20,Taurus,01844646715
Sherry,Myton,2021-12-21,Libra,17467039348
Yoko,Vasyanin,2018-10-20,Pisces,78559962425
Alanna,Pristnor,2015-11-02,Leo,14216056549
Sheffie,Breche,2022-02-21,Leo,40239022339
Thorvald,Ossipenko,2019-02-06,Sagittarius,00830440400
Barclay,Gruby,2019-09-07,Cancer,14924115028
Marcellus,Slate,2021-06-14,Aquarius,44545368767
Lurline,Dagnan,2016-05-23,Capricorn,41655348575
Sherlock,Gipps,2023-04-02,Scorpio,24445753156
Hesther,Stephenson,2023-07-20,Sagittarius,80928999072
Sue,Seakes,2019-05-25,Libra,56524449430
Dani,Dennick,2019-11-08,Capricorn,40280653614
Amitie,Leddy,2015-01-02,Virgo,35253921266
Lilia,Dunseath,2016-11-11,Aries,07322220568
Birgitta,Pavlik,2019-03-30,Pisces,72695299045
Rebeca,Melior,2019-04-19,Virgo,57743501072
Persis,Skellen,2022-01-31,Gemini,50659855092
Somerset,Dutnall,2017-10-28,Libra,68271340970
Eldridge,Isacq,2016-04-08,Virgo,53561929819
Margot,MacFadzean,2023-06-24,Aries,29783155324
Merry,Keyworth,2022-06-15,Leo,46331084696
Florri,Lackmann,2023-01-15,Sagittarius,06586321960
Mathian,Nannetti,2019-04-30,Pisces,94340520110
Anabal,Kenzie,2019-05-12,Taurus,41979714482
Rosaleen,Vernham,2022-08-03,Virgo,38732734715
Tommy,Dillicate,2016-06-26,Aries,76465652802
Nappie,Rycraft,2015-03-27,Pisces,05011940100
Von,Neubigin,2017-05-16,Taurus,41643619580
Reinaldo,Rickman,2021-07-20,Aquarius,15631857529
Tallie,Cromie,2021-01-21,Aries,09386655241
Isa,Petrosian,2022-10-25,Scorpio,30979278361
Ki,Arniz,2023-07-31,Leo,38977253653
Orrin,Ackroyd,2017-03-13,Virgo,70459509583
Corabelle,Turfitt,2021-09-19,Libra,81975162189
Lauren,Malkin,2021-05-29,Aquarius,31432730495
Norman,Normanville,2015-11-04,Cancer,51695896570
Berkie,Ardy,2021-10-30,Leo,68508393655
Bee,Frean,2017-03-24,Taurus,67826281724
Gwenora,Mynett,2017-04-10,Cancer,66724884776
Miles,Trett,2015-04-26,Capricorn,09511229391
Mellie,Anyon,2018-05-08,Virgo,23205745781
Carolina,Farmloe,2017-09-01,Capricorn,52066475349
Christin,Downs,2020-07-22,Cancer,95403806965
Carmelle,Thornbarrow,2016-02-24,Cancer,68375684595
Shell,Dobney,2022-05-26,Leo,85858031135
Freddy,Jennaway,2021-10-10,Taurus,04657186812
Prescott,Gainsboro,2016-09-02,Libra,42796028133
Harlie,Kenderdine,2018-02-21,Capricorn,59237610437
Judi,Colt,2022-01-20,Scorpio,73258167887
Berne,Brabbs,2023-09-18,Cancer,42194486960
Kathryne,Hembrow,2015-03-28,Pisces,23431956621
Clive,Earp,2020-10-08,Taurus,11280134479
Dyane,Gossage,2016-07-27,Virgo,00410352111
Jameson,Gainseford,2020-11-25,Gemini,22753205405
Baxy,Sapson,2018-10-16,Taurus,42499253954
Tess,Cowlin,2020-12-07,Leo,60226139522
Nevin,Littledike,2020-08-03,Taurus,74186224628
Kimberlyn,Kimber,2015-04-13,Pisces,52210719026
Vernor,Dumelow,2019-09-10,Taurus,94719767644
Joshuah,Moakler,2019-01-17,Sagittarius,04154645534
Kelly,Poulsen,2019-06-09,Virgo,44852016143
Sheppard,Brussels,2023-05-21,Gemini,28348218055
Hollie,Lissandrini,2015-08-08,Cancer,21670550478
Jamie,Toner,2015-03-09,Aquarius,64108668292
Salim,Dobson,2017-07-15,Leo,12633572340
Randy,Fitzhenry,2018-07-04,Virgo,41249948238
Tyrone,Vinten,2022-02-24,Leo,87574701901
Jonie,Humphrey,2020-06-04,Virgo,59953362118
Tansy,Minchinton,2017-12-27,Aquarius,17106548158
Darcee,Fibben,2016-07-14,Gemini,31641744193
Giorgi,Landell,2019-07-17,Sagittarius,30812322905
Ramsay,Maylam,2021-11-05,Aries,22292881378
Wilhelm,Aucock,2019-07-02,Taurus,89848169164
Anselm,Caldron,2022-02-26,Cancer,42387619326
Genvieve,Cornillot,2018-08-08,Cancer,42371139047
Marijo,Musicka,2022-11-21,Pisces,48527712831
Joyce,Saben,2020-12-26,Scorpio,09463042047
Dynah,Mynett,2018-07-13,Cancer,53880154288
Jayme,Coultard,2017-04-21,Taurus,00114112618
Deanna,Lumox,2017-10-01,Taurus,24147496456
Dominick,Scamadine,2020-01-21,Virgo,43783970969
Francklyn,Burdas,2015-12-23,Sagittarius,41364068558
Pablo,Bodleigh,2021-08-04,Taurus,67300808814
Max,Maypole,2022-11-29,Sagittarius,83549750500
Sheridan,Coggins,2015-04-17,Leo,85022380626
Dalston,McKniely,2019-07-20,Cancer,13218310370
Angeline,Glasscoo,2021-02-10,Cancer,69388159386
Sally,Forsyth,2016-09-24,Aquarius,35104984818
Padget,Flannigan,2018-02-24,Scorpio,95405292599
Rolando,Worden,2023-05-14,Sagittarius,83226679138
Cris,Jancso,2019-09-11,Libra,88144522015
Issiah,Brandts,2015-05-22,Sagittarius,55510931548
Emmott,Trimmell,2018-01-12,Aries,83846047413
Ricky,Bentz,2019-09-16,Scorpio,55267700042
Calvin,Froschauer,2016-03-05,Aries,65333039998
Marthe,Kinastan,2023-09-07,Virgo,83763711797
Cross,Tumbelty,2022-02-14,Leo,05936461116
Joice,Maling,2020-09-07,Leo,40906362596
Nonah,Adiscot,2021-04-08,Capricorn,92301539400
Lion,Ost,2018-10-09,Sagittarius,47901962552
Barrett,Dugue,2015-07-01,Pisces,02243133402
Ginni,Conyers,2021-05-13,Taurus,63612867798
Liane,O'Mannion,2021-08-11,Gemini,80804589957
Ainslee,Nursey,2017-03-20,Sagittarius,92141030414
Feodora,Threader,2016-08-26,Capricorn,97688690931
Florie,Helmke,2017-12-16,Taurus,80694552149
Carola,Fergie,2017-02-14,Cancer,30169305737
Kimberli,Comford,2021-10-19,Virgo,25989452838
Astrid,O'Neill,2021-10-01,Capricorn,49999282760
Alyson,Gascone,2017-02-20,Cancer,72884280796
Guthrey,Reckus,2015-06-09,Leo,44829385445
Joelie,Steet,2023-09-08,Aries,95403042746
Ferrel,Easlea,2019-03-07,Sagittarius,28827281647
Omero,Liebermann,2018-01-07,Capricorn,07953937003
Vaclav,Easbie,2020-09-30,Libra,99180083247
Joane,Noel,2019-09-04,Aquarius,95406180389
Jacinthe,Weyman,2016-06-19,Cancer,95646767409
Sophia,Ioselev,2022-12-18,Capricorn,80856763794
Randi,Harcombe,2016-01-04,Capricorn,26797610606
Joane,Sizey,2022-07-14,Aries,79681423918
Kyla,Mosdell,2020-12-22,Pisces,80225666858
Lothario,Conway,2021-12-17,Cancer,40433012083
Alfonso,Sprionghall,2022-02-23,Aquarius,77687684160
Virgil,Caldero,2023-08-06,Gemini,83982141631
Bill,Reely,2016-04-03,Capricorn,34164949417
Emmalyn,Slimme,2021-07-20,Sagittarius,12158487822
Noble,Dutton,2015-03-14,Cancer,10795807755
Maximilian,Osband,2020-06-11,Aquarius,89965826024
Jeanie,Chadburn,2017-11-27,Aquarius,55386247471
Christina,Coverlyn,2021-04-25,Libra,37515132383
Melodee,Jobke,2020-07-05,Aries,95393208783
Hughie,Peach,2023-04-03,Virgo,87144714588
Humfrid,Eyckelbeck,2016-10-24,Aquarius,19446482092
Merla,Grishenkov,2020-06-19,Pisces,42812132583
Stanleigh,Matton,2017-03-16,Leo,37617638148
Katti,Frounks,2017-02-06,Pisces,42796086178
Flynn,Ettery,2022-08-14,Pisces,82499592174
Elisha,Ovey,2022-12-04,Scorpio,88176727375
Ashley,Janczewski,2019-08-16,Aries,78892117999
Chiquia,Ketley,2015-01-13,Gemini,72401206279
Tully,Mulloch,2021-05-14,Scorpio,10403825130
Sile,Fulleylove,2021-12-03,Taurus,42908975771
Ermanno,Paolinelli,2020-01-20,Scorpio,42432387992
Missie,Roome,2023-09-18,Taurus,46721298925
Rori,Stathers,2019-01-27,Virgo,57793667991
Parke,Bayman,2020-10-11,Libra,31495427537
Fredrick,Winship,2016-01-07,Taurus,60999926884
Anderea,Onyon,2016-01-17,Sagittarius,69721676380
Arabele,Kembley,2021-11-09,Sagittarius,12365793681
Raoul,Mottram,2019-09-05,Aquarius,35919827318
Eimile,Petford,2021-04-16,Aquarius,69946079426
Lanie,Cotty,2021-12-03,Aries,31241874439
Jennine,Caesmans,2017-09-26,Capricorn,16960611404
Frederich,Colbran,2020-05-15,Taurus,42931472924
Aprilette,Gabala,2017-03-19,Leo,11474099263
Leigh,Kinglake,2022-07-29,Libra,48618543648
Vivia,Tollfree,2016-06-05,Gemini,12577544759
Vivia,Buske,2018-08-15,Gemini,07381771629
Karoly,Campsall,2022-01-10,Libra,03031055699
Waring,Cess,2022-11-26,Virgo,81349036159
Arley,Zanini,2021-09-07,Virgo,68530289120
Maris,Dulton,2022-05-22,Capricorn,19427650942
Norene,Kless,2016-05-22,Aries,34302195184
Jamison,Fardy,2019-12-01,Taurus,02412177448
Wynnie,Edlington,2019-11-02,Taurus,02995892295
Kevan,Miell,2020-02-17,Gemini,92600933550
Alyda,Evequot,2019-03-04,Capricorn,97361797274
Helenka,Dobrowolski,2018-08-09,Virgo,08868439668
Nathanael,Brower,2021-08-14,Scorpio,17840263915
Yorgo,McVitie,2015-12-06,Gemini,58421456412
Erv,Scourge,2020-11-05,Cancer,19147119629
Gabriela,Kindell,2022-10-22,Taurus,76591936817
Norah,Aubery,2020-10-13,Gemini,57044431970
Missie,Millsap,2021-06-09,Taurus,73775674534
Desirae,Sunner,2022-01-09,Sagittarius,77388936925
Terrie,Carling,2019-09-04,Aries,42707157050
Cord,Tunbridge,2017-05-12,Aries,98662649230
Rosy,Hamsher,2023-06-16,Taurus,99149442312
Mikaela,Simeone,2020-11-01,Leo,52666821952
Cameron,Cowling,2022-03-21,Pisces,77326970452
Durward,Douche,2018-02-25,Virgo,91028260521
Rebekah,Cantu,2018-10-25,Pisces,40911475145
Britteny,Nares,2018-09-20,Cancer,84009272602
Clemmy,Snelgar,2021-11-10,Gemini,40392498593
Evelina,Pobjoy,2015-09-17,Gemini,26635866640
Nikolaus,Abadam,2015-02-23,Aquarius,42041047244
Violetta,MacNelly,2020-12-06,Virgo,05953521111
Katharyn,Backen,2023-05-14,Virgo,46885022433
Jeanne,Cabotto,2021-12-20,Taurus,55629357636
Harp,Tabram,2018-03-08,Gemini,24988091167
Marice,Cullinan,2022-12-08,Libra,16217686998
Allin,Portis,2015-04-11,Libra,55570990704
Gearard,Steanyng,2015-12-08,Taurus,36750807421
Jarvis,Todman,2021-12-14,Cancer,54056338939
Roley,Genike,2019-11-16,Taurus,30864536024
Austen,Kalkhoven,2019-02-03,Taurus,48793068889
Shermy,Pavlata,2022-05-26,Taurus,71606478825
Nicoline,Petru,2021-05-06,Libra,01246023602
Amandy,Butter,2020-05-21,Aquarius,62479813155
Marnia,Drain,2016-09-25,Aquarius,48923322680
Dody,Steuhlmeyer,2020-01-09,Scorpio,24765661348
Orlan,Grimwood,2020-01-11,Libra,27203074032
Margie,Warnes,2021-12-01,Taurus,16592252569
Lucas,Irce,2020-01-31,Aquarius,24751619324
Marillin,Bonevant,2015-07-23,Scorpio,80798679276
James,Caen,2016-02-18,Aquarius,24457641101
Ebba,Bannell,2015-04-10,Gemini,45559220640
Granville,Brickett,2021-04-20,Sagittarius,76584760185
Paola,Poure,2021-11-16,Gemini,02123599504
Johnathon,Vlasenko,2016-04-10,Leo,35370140980
Hanni,Dinnington,2016-03-09,Aquarius,81061067854
Keith,Newsham,2021-01-19,Leo,17142808929
